{
  "name": "diwan-booking-plugin",
  "version": "0.1.0",
  "private": true,
  "dependencies": {
    "@emotion/styled": "^11.11.0",
    "@mui/material": "^5.15.10",
    "@mui/x-date-pickers": "^6.19.4",
    "@testing-library/jest-dom": "^5.17.0",
    "@testing-library/react": "^13.4.0",
    "@testing-library/user-event": "^13.5.0",
    "react": "^18.2.0",
    "react-big-calendar": "^1.8.6",
    "react-datepicker": "^6.1.0",
    "react-dom": "^18.2.0",
    "react-responsive-carousel": "^3.2.23",
    "react-scripts": "5.0.1",
    "react-select": "^5.8.0",
    "web-vitals": "^2.1.4"
  },
  "scripts": {
    "start": "react-scripts start",
    "build": "react-scripts build",
    "test": "react-scripts test",
    "eject": "react-scripts eject"
  },
  "eslintConfig": {
    "extends": [
      "react-app",
      "react-app/jest"
    ]
  },
  "browserslist": {
    "production": [
      ">0.2%",
      "not dead",
      "not op_mini all"
    ],
    "development": [
      "last 1 chrome version",
      "last 1 firefox version",
      "last 1 safari version"
    ]
  },
  "devDependencies": {
    "typescript": "^5.3.3"
  }
}
